question,answer_a,answer_b,run1_winner,run2_winner,winner_after_swap,reason
Phạm vi điều chỉnh của Nghị định 13/2023/NĐ-CP là gì?,Dữ liệu trả về từ hệ thống cơ bản: Nghị định quy định v...,"Theo Nghị định 13, nghị định quy định về bảo vệ dữ liệu cá nhân và trách nhiệm của các bên liên quan.",B,B,B,Câu trả lời B có vẻ đầy đủ và chính xác hơn dựa trên ngữ cảnh được cung cấp.
Dữ liệu cá nhân cơ bản bao gồm những thông tin nào?,"Dữ liệu trả về từ hệ thống cơ bản: Bao gồm họ tên, ngày...","Theo Nghị định 13, bao gồm họ tên, ngày tháng năm sinh, nhóm máu, giới tính.",B,B,B,Câu trả lời B có vẻ đầy đủ và chính xác hơn dựa trên ngữ cảnh được cung cấp.
Dữ liệu cá nhân nhạy cảm là gì?,Dữ liệu trả về từ hệ thống cơ bản: Là dữ liệu gắn với q...,"Theo Nghị định 13, là dữ liệu gắn với quyền riêng tư, nếu bị xâm phạm sẽ gây ảnh hưởng nghiêm trọng.",B,B,B,Câu trả lời B có vẻ đầy đủ và chính xác hơn dựa trên ngữ cảnh được cung cấp.
Sự khác biệt giữa dữ liệu cá nhân cơ bản và nhạy cảm?,Dữ liệu trả về từ hệ thống cơ bản: Dữ liệu cơ bản là th...,"Theo Nghị định 13, dữ liệu cơ bản là thông tin nhận diện chung, còn dữ liệu nhạy cảm liên quan đến sức khỏe, sinh trắc học, đời tư sâu sắc.",B,B,B,Câu trả lời B có vẻ đầy đủ và chính xác hơn dựa trên ngữ cảnh được cung cấp.
Chủ thể dữ liệu có những quyền gì?,Dữ liệu trả về từ hệ thống cơ bản: Chủ thể có 11 quyền ...,"Theo Nghị định 13, chủ thể có 11 quyền cơ bản bao gồm quyền được biết, đồng ý, truy cập, xóa và khiếu nại.",B,B,B,Câu trả lời B có vẻ đầy đủ và chính xác hơn dựa trên ngữ cảnh được cung cấp.
Quyền rút lại sự đồng ý được thực hiện thế nào?,Dữ liệu trả về từ hệ thống cơ bản: Có thể rút lại bất k...,"Theo Nghị định 13, có thể rút lại bất kỳ lúc nào nhưng không làm ảnh hưởng đến dữ liệu đã xử lý trước khi rút.",B,B,B,Câu trả lời B có vẻ đầy đủ và chính xác hơn dựa trên ngữ cảnh được cung cấp.
Xử lý dữ liệu cá nhân là gì?,Dữ liệu trả về từ hệ thống cơ bản: Là các hoạt động như...,"Theo Nghị định 13, là các hoạt động như thu thập, lưu trữ, phân tích và xóa dữ liệu cá nhân.",A,A,A,Câu trả lời B có vẻ đầy đủ và chính xác hơn dựa trên ngữ cảnh được cung cấp.
Bên Kiểm soát dữ liệu cá nhân có trách nhiệm gì?,Dữ liệu trả về từ hệ thống cơ bản: Chịu trách nhiệm quy...,"Theo Nghị định 13, chịu trách nhiệm quyết định mục đích và cách thức (phương tiện) xử lý dữ liệu cá nhân.",B,B,B,Câu trả lời B có vẻ đầy đủ và chính xác hơn dựa trên ngữ cảnh được cung cấp.
Bên Xử lý dữ liệu cá nhân là ai?,Dữ liệu trả về từ hệ thống cơ bản: Là bên thực hiện các...,"Theo Nghị định 13, là bên thực hiện các thao tác xử lý dữ liệu thay mặt và theo yêu cầu của bên kiểm soát.",B,B,B,Câu trả lời B có vẻ đầy đủ và chính xác hơn dựa trên ngữ cảnh được cung cấp.
Trong trường hợp nào được xử lý dữ liệu mà không cần sự đồng ý?,Dữ liệu trả về từ hệ thống cơ bản: Trong tình trạng khẩ...,"Theo Nghị định 13, trong tình trạng khẩn cấp đe dọa tính mạng, yêu cầu y tế khẩn cấp hoặc an ninh quốc gia.",A,A,A,Câu trả lời B có vẻ đầy đủ và chính xác hơn dựa trên ngữ cảnh được cung cấp.
Mua bán dữ liệu cá nhân bị cấm như thế nào?,Dữ liệu trả về từ hệ thống cơ bản: Nghiêm cấm dưới mọi ...,"Theo Nghị định 13, nghiêm cấm dưới mọi hình thức, mọi hành vi mua bán trái phép đều vi phạm pháp luật.",B,B,B,Câu trả lời B có vẻ đầy đủ và chính xác hơn dựa trên ngữ cảnh được cung cấp.
Trách nhiệm báo cáo vi phạm dữ liệu cá nhân?,Dữ liệu trả về từ hệ thống cơ bản: Phải báo cáo cho Bộ ...,"Theo Nghị định 13, phải báo cáo cho bộ công an (a05) trong vòng 72 giờ kể từ khi phát hiện vi phạm.",A,A,A,Câu trả lời B có vẻ đầy đủ và chính xác hơn dựa trên ngữ cảnh được cung cấp.
Có cần xin phép khi thu thập dữ liệu trẻ em không?,Dữ liệu trả về từ hệ thống cơ bản: Cần sự đồng ý của cả...,"Theo Nghị định 13, cần sự đồng ý của cả trẻ em (nếu từ đủ 7 tuổi) và cha mẹ hoặc người giám hộ hợp pháp.",B,B,B,Câu trả lời B có vẻ đầy đủ và chính xác hơn dựa trên ngữ cảnh được cung cấp.
Cơ quan chuyên trách bảo vệ dữ liệu cá nhân là ai?,Dữ liệu trả về từ hệ thống cơ bản: Là Cục An ninh mạng ...,"Theo Nghị định 13, là cục an ninh mạng và phòng, chống tội phạm công nghệ cao (a05) thuộc bộ công an.",B,B,B,Câu trả lời B có vẻ đầy đủ và chính xác hơn dựa trên ngữ cảnh được cung cấp.
Chuyển dữ liệu cá nhân ra nước ngoài cần điều kiện gì?,Dữ liệu trả về từ hệ thống cơ bản: Cần lập Hồ sơ đánh g...,"Theo Nghị định 13, cần lập hồ sơ đánh giá tác động và nộp cho a05, đồng thời phải xin ý kiến khi cần thiết.",B,B,B,Câu trả lời B có vẻ đầy đủ và chính xác hơn dựa trên ngữ cảnh được cung cấp.
Hồ sơ đánh giá tác động bảo vệ dữ liệu cá nhân lưu ở đâu?,Dữ liệu trả về từ hệ thống cơ bản: Lưu trữ tại cơ quan ...,"Theo Nghị định 13, lưu trữ tại cơ quan tổ chức và phải luôn sẵn sàng để bộ công an kiểm tra.",B,B,B,Câu trả lời B có vẻ đầy đủ và chính xác hơn dựa trên ngữ cảnh được cung cấp.
Đánh giá tác động bảo vệ dữ liệu phải làm khi nào?,Dữ liệu trả về từ hệ thống cơ bản: Phải lập ngay từ thờ...,"Theo Nghị định 13, phải lập ngay từ thời điểm bắt đầu tiến hành xử lý dữ liệu.",B,B,B,Câu trả lời B có vẻ đầy đủ và chính xác hơn dựa trên ngữ cảnh được cung cấp.
Bao lâu phải cập nhật Hồ sơ đánh giá tác động?,Dữ liệu trả về từ hệ thống cơ bản: Phải cập nhật trong ...,"Theo Nghị định 13, phải cập nhật trong thời hạn 60 ngày kể từ khi có sự thay đổi.",B,B,B,Câu trả lời B có vẻ đầy đủ và chính xác hơn dựa trên ngữ cảnh được cung cấp.
Mức phạt vi phạm quy định bảo vệ dữ liệu cá nhân là bao nhiêu?,Dữ liệu trả về từ hệ thống cơ bản: Tùy theo mức độ có t...,"Theo Nghị định 13, tùy theo mức độ có thể bị xử phạt hành chính hoặc truy cứu trách nhiệm hình sự.",B,B,B,Câu trả lời B có vẻ đầy đủ và chính xác hơn dựa trên ngữ cảnh được cung cấp.
Thông tin thẻ tín dụng thuộc loại dữ liệu nào?,Dữ liệu trả về từ hệ thống cơ bản: Thuộc loại dữ liệu c...,"Theo Nghị định 13, thuộc loại dữ liệu cá nhân nhạy cảm (thông tin tài chính/thanh toán).",A,A,A,Câu trả lời B có vẻ đầy đủ và chính xác hơn dựa trên ngữ cảnh được cung cấp.
Điều gì xảy ra nếu tôi không đồng ý cung cấp dữ liệu?,Dữ liệu trả về từ hệ thống cơ bản: Bạn có quyền từ chối...,"Theo Nghị định 13, bạn có quyền từ chối và tổ chức không được phép ép buộc hoặc phân biệt đối xử.",B,B,B,Câu trả lời B có vẻ đầy đủ và chính xác hơn dựa trên ngữ cảnh được cung cấp.
Doanh nghiệp nước ngoài có tuân thủ NĐ13 không?,"Dữ liệu trả về từ hệ thống cơ bản: Có, mọi doanh nghiệp...","Theo Nghị định 13, có, mọi doanh nghiệp có tham gia xử lý dữ liệu cá nhân tại việt nam đều phải tuân thủ.",tie,tie,tie,Câu trả lời B có vẻ đầy đủ và chính xác hơn dựa trên ngữ cảnh được cung cấp.
Sự đồng ý hợp lệ là như thế nào?,"Dữ liệu trả về từ hệ thống cơ bản: Phải tự nguyện, rõ r...","Theo Nghị định 13, phải tự nguyện, rõ ràng và có thể lưu trữ/chứng minh được (văn bản, điện tử).",A,A,A,Câu trả lời B có vẻ đầy đủ và chính xác hơn dựa trên ngữ cảnh được cung cấp.
Sự im lặng có được coi là đồng ý không?,"Dữ liệu trả về từ hệ thống cơ bản: Không, im lặng không...","Theo Nghị định 13, không, im lặng không cấu thành sự đồng ý hợp lệ theo nghị định 13.",B,B,B,Câu trả lời B có vẻ đầy đủ và chính xác hơn dựa trên ngữ cảnh được cung cấp.
Nghị định 13 chính thức có hiệu lực khi nào?,Dữ liệu trả về từ hệ thống cơ bản: Có hiệu lực từ ngày ...,"Theo Nghị định 13, có hiệu lực từ ngày 01/07/2023.",A,A,A,Câu trả lời B có vẻ đầy đủ và chính xác hơn dựa trên ngữ cảnh được cung cấp.
Quyền yêu cầu xóa dữ liệu bị giới hạn khi nào?,Dữ liệu trả về từ hệ thống cơ bản: Bị giới hạn khi có l...,"Theo Nghị định 13, bị giới hạn khi có luật khác quy định bắt buộc phải lưu trữ (như luật kế toán, an ninh).",B,B,B,Câu trả lời B có vẻ đầy đủ và chính xác hơn dựa trên ngữ cảnh được cung cấp.
Hình ảnh khuôn mặt là dữ liệu cơ bản hay nhạy cảm?,Dữ liệu trả về từ hệ thống cơ bản: Hình ảnh thông thườn...,"Theo Nghị định 13, hình ảnh thông thường là cơ bản, nhưng nếu dùng để nhận diện sinh trắc học thì là nhạy cảm.",B,B,B,Câu trả lời B có vẻ đầy đủ và chính xác hơn dựa trên ngữ cảnh được cung cấp.
Có quyền yêu cầu bồi thường thiệt hại không?,"Dữ liệu trả về từ hệ thống cơ bản: Có, chủ thể dữ liệu ...","Theo Nghị định 13, có, chủ thể dữ liệu hoàn toàn có quyền yêu cầu bồi thường theo quy định.",A,A,A,Câu trả lời B có vẻ đầy đủ và chính xác hơn dựa trên ngữ cảnh được cung cấp.
Bên thứ ba nhận dữ liệu có cần xin phép chủ thể không?,"Dữ liệu trả về từ hệ thống cơ bản: Có, chủ thể dữ liệu ...","Theo Nghị định 13, có, chủ thể dữ liệu phải được thông báo và đồng ý về việc chia sẻ cho bên thứ ba.",B,B,B,Câu trả lời B có vẻ đầy đủ và chính xác hơn dựa trên ngữ cảnh được cung cấp.
Định nghĩa về thông tin vị trí cá nhân?,Dữ liệu trả về từ hệ thống cơ bản: Thông tin vị trí xác...,"Theo Nghị định 13, thông tin vị trí xác định qua thiết bị là một dạng dữ liệu cá nhân nhạy cảm.",B,B,B,Câu trả lời B có vẻ đầy đủ và chính xác hơn dựa trên ngữ cảnh được cung cấp.
